ID,Task Name,Category,Type,Skill,Bronze Amount,Silver Amount,Gold Amount,Weight,Short Name,XP per action,Min XP for Bronze,Min XP for Silver,Min XP for Gold,Wilderness Required?
MIN001,Obtain Barrows pieces,Minigame/Misc,Drop,,3,6,10,50,Barrows,,,,,
MIN002,Obtain Last Man Standing points,Minigame/Misc,Points,,30,75,150,50,LMS,,,,,
MIN003,Obtain Brimhaven Agility Arena tickets,Minigame/Misc,Drop,,100,300,600,50,Brimhaven,,,,,
MIN004,Obtain Pharaoh's Sceptres,Minigame/Misc,Drop,,1,3,5,50,Sceptres,,,,,
MIN005,Kill Tempoross,Minigame/Misc,KC,,20,50,100,50,Tempoross,,,,,
MIN006,Kill Wintertodt,Minigame/Misc,KC,,30,75,150,50,Wintertodt,,,,,
MIN007,Obtain Guardians of the Rift points (both),Minigame/Misc,Points,,100,300,600,50,GOTR,,,,,
MIN008,Obtain Barbarian Assault honour points,Minigame/Misc,Points,,1000,3000,6000,50,BA,,,,,
MIN009,Obtain Soul Wars zeal points,Minigame/Misc,Points,,500,1200,2500,50,Soul Wars,,,,,
MIN010,Obtain Tithe Farm points,Minigame/Misc,Points,,250,600,1200,50,Tithe Farm,,,,,
MIN011,Obtain Giant's Foundry reputation,Minigame/Misc,Points,,3000,7500,15000,50,Giant's Foundry,,,,,
MIN012,Obtain Hallowed Sepulchre marks,Minigame/Misc,Drop,,200,500,1000,50,Sepulchre,,,,,
MIN013,Obtain Castle Wars tickets,Minigame/Misc,Drop,,15,40,80,50,Castle Wars,,,,,
MIN014,Obtain any pet,Minigame/Misc,Drop,,1,2,3,50,Pet,,,,,
MIN015,Obtain Nightmare Zone points,Minigame/Misc,Points,,500000,1200000,2500000,50,NMZ,,,,,
MIN016,Obtain Pest Control points,Minigame/Misc,Points,,500,1200,2500,50,Pest Control,,,,,
MIN017,Obtain Archery tickets,Minigame/Misc,Drop,,200,500,1000,50,Archery,,,,,
MIN018,Obtain Mixology resin,Minigame/Misc,Points,,15000,40000,80000,50,Mixology,,,,,
MIN019,Kill Zalcano,Minigame/Misc,KC,,100,300,600,50,Zalcano,,,,,
MIN020,Obtain pieces of eight from Trouble Brewing,Minigame/Misc,Drop,,500,1200,2500,50,Trouble Brewing,,,,,
MIN021,Obtain Vale Totem offerings,Minigame/Misc,Points,,20000,50000,100000,50,Vale Totems,,,,,
MIN022,Obtain Volcanic Mine points,Minigame/Misc,Points,,20000,50000,100000,50,Volcanic Mine,,,,,
MIN023,Kill Chompy birds,Minigame/Misc,KC,,500,1200,2500,50,Chompy,,,,,
MIN024,Get a 2M+ GP drop from any source,Minigame/Misc,Drop,,1,3,5,50,2M+,,,,,
MIN025,Obtain Temple Trekking reward tokens,Minigame/Misc,Drop,,50,120,250,50,Temple Trekking,,,,,
MIN026,Obtain Mahogany Homes carpenter points,Minigame/Misc,Points,,200,500,1000,50,Mahogany Homes,,,,,
MIN027,Obtain Marks of Grace,Minigame/Misc,Drop,,30,75,150,50,Marks of Grace,,,,,
MIN028,Earn Champion's Scrolls,Minigame/Misc,Drop,,1,2,3,50,Scrolls,,,,,
MIN029,Obtain anima-infused bark,Minigame/Misc,Drop,,5000,12000,25000,50,Anima,,,,,
MIN030,Obtain glistening tears,Minigame/Misc,Drop,,300,750,1500,50,Glistening tears,,,,,
MIN031,Obtain molch pearls,Minigame/Misc,Drop,,50,120,250,50,Molch pearls,,,,,
MIN032,Obtain unidentified materials from Mining Guild,Minigame/Misc,Drop,,30,75,150,50,Mining Guild,,,,,
MIN033,Obtain Bounty Hunter points,Minigame/Misc,Points,,200,500,1000,50,Bounty Hunter,,,,,
MIN034,Obtain pizazz points (non-Enchantment),Minigame/Misc,Points,,500,1200,2500,50,Pizazz,,,,,
MIN035,Obtain Enchantment pizazz points,Minigame/Misc,Points,,5000,12000,25000,50,Enchantment,,,,,
MIN036,Make Giant's Foundry swords,Minigame/Misc,KC,,30,75,150,50,Swords,,,,,
MIN037,Complete Hallowed Sepulchre Floor 3,Minigame/Misc,KC,,30,75,150,50,Sepulchre 3,,,,,
MIN038,Complete Hallowed Sepulchre Floor 4,Minigame/Misc,KC,,25,60,120,50,Sepulchre 4,,,,,
MIN039,Complete Hallowed Sepulchre Floor 5,Minigame/Misc,KC,,15,40,80,50,Sepulchre 5,,,,,
MIN040,Obtain Barronite shards,Minigame/Misc,Drop,,5000,12000,25000,50,Barronite,,,,,
MIN041,Obtain zenyte shards from demonic/tortured gorillas,Minigame/Misc,Drop,,1,2,3,50,Zenyte,,,,,
MIN042,Obtain revenant ether,Minigame/Misc,Drop,,3000,7500,15000,50,Revenants,,,,,TRUE
MIN043,Obtain unique drops from Tormented Demons,Minigame/Misc,Drop,,1,2,3,50,Tormented Demons,,,,,
MIN044,Obtain Tokkul,Minigame/Misc,Drop,,100000,300000,600000,50,Tokkul,,,,,
PVM001,Kill Gemstone Crab,PvM,KC,,200,500,1000,50,Gemstone,,,,,
PVM002,Kill Scurrius,PvM,KC,,100,300,600,50,Scurrius,,,,,
PVM003,Kill Giant Mole,PvM,KC,,100,300,600,50,Giant Mole,,,,,
PVM004,Kill Deranged Archaeologist,PvM,KC,,80,200,400,50,Deranged Arch,,,,,
PVM005,Kill all Dagannoth Kings,PvM,KC,,50,150,300,50,Dagannoth Kings,,,,,
PVM006,Kill Sarachnis,PvM,KC,,100,300,600,50,Sarachnis,,,,,
PVM007,Kill Kalphite Queen,PvM,KC,,30,75,150,50,Kalphite Queen,,,,,
PVM008,Kill any God Wars Dungeon boss,PvM,KC,,30,75,150,50,GWD,,,,,
PVM009,Kill Kree'arra,PvM,KC,,30,75,150,50,Kree'arra,,,,,
PVM010,Kill Commander Zilyana,PvM,KC,,30,75,150,50,Zilyana,,,,,
PVM011,Kill General Graardor,PvM,KC,,30,75,150,50,Graardor,,,,,
PVM012,Kill K'ril Tsutsaroth,PvM,KC,,30,75,150,50,K'ril,,,,,
PVM013,Kill Hueycoatl,PvM,KC,,30,75,150,50,Hueycoatl,,,,,
PVM014,Kill Corporeal Beast,PvM,KC,,15,40,80,50,Corporeal Beast,,,,,
PVM015,Kill Nex,PvM,KC,,15,40,80,50,Nex,,,,,
PVM016,Kill Chaos Fanatic,PvM,KC,,80,200,400,50,Chaos Fanatic,,,,,TRUE
PVM017,Kill Crazy Archaeologist,PvM,KC,,100,300,600,50,Crazy Arch,,,,,TRUE
PVM018,Kill Scorpia,PvM,KC,,80,200,400,50,Scorpia,,,,,TRUE
PVM019,Kill King Black Dragon,PvM,KC,,80,200,400,50,KBD,,,,,TRUE
PVM020,Kill Chaos Elemental,PvM,KC,,50,150,300,50,Chaos Elemental,,,,,TRUE
PVM021,Kill Calvar'ion or Vet'ion,PvM,KC,,20,50,100,50,Vet'ion,,,,,TRUE
PVM022,Kill Spindel or Venenatis,PvM,KC,,20,50,100,50,Venenatis,,,,,TRUE
PVM023,Kill Artio or Callisto,PvM,KC,,20,50,100,50,Callisto,,,,,TRUE
PVM024,Kill Obor,PvM,KC,,20,50,100,50,Obor,,,,,
PVM025,Kill Bryophyta,PvM,KC,,15,40,80,50,Bryophyta,,,,,
PVM026,Kill Amoxliatl,PvM,KC,,100,300,600,50,Amoxliatl,,,,,
PVM027,Kill Royal Titans,PvM,KC,,50,150,300,50,Titans,,,,,
PVM028,Kill Doom of Mokhaiotl,PvM,KC,,15,40,80,50,Doom,,,,,
PVM029,Kill Zulrah,PvM,KC,,50,150,300,50,Zulrah,,,,,
PVM030,Kill Vorkath,PvM,KC,,50,150,300,50,Vorkath,,,,,
PVM031,Kill Phantom Muspah,PvM,KC,,50,150,300,50,Muspah,,,,,
PVM032,Kill Nightmare (or Phosani's),PvM,KC,,15,40,80,50,Nightmare,,,,,
PVM033,Kill Yama,PvM,KC,,20,50,100,50,Yama,,,,,
PVM034,Kill any Desert Treasure II boss,PvM,KC,,50,150,300,50,DT2,,,,,
PVM035,Kill Duke Sucellus,PvM,KC,,50,150,300,50,Duke,,,,,
PVM036,Kill The Leviathan,PvM,KC,,50,150,300,50,Leviathan,,,,,
PVM037,Kill The Whisperer,PvM,KC,,50,150,300,50,Whisperer,,,,,
PVM038,Kill Vardorvis,PvM,KC,,50,150,300,50,Vardorvis,,,,,
PVM039,Kill Hespori,PvM,KC,,2,4,6,50,Hespori,,,,,
PVM040,Kill Skotizo,PvM,KC,,3,6,10,50,Skotizo,,,,,
PVM041,Kill Grotesque Guardians,PvM,KC,,50,150,300,50,GGs,,,,,
PVM042,Kill Abyssal Sire,PvM,KC,,50,150,300,50,Sire,,,,,
PVM043,Kill Kraken,PvM,KC,,100,300,600,50,Kraken,,,,,
PVM044,Kill Cerberus,PvM,KC,,80,200,400,50,Cerberus,,,,,
PVM045,Kill Araxxor,PvM,KC,,80,200,400,50,Araxxor,,,,,
PVM046,Kill Thermonuclear Smoke Devil,PvM,KC,,100,300,600,50,Thermy,,,,,
PVM047,Kill Alchemical Hydra,PvM,KC,,50,150,300,50,Hydra,,,,,
PVM048,Complete The Gauntlet (either version),PvM,KC,,15,40,80,50,Gauntlet,,,,,
PVM049,Complete Corrupted Gauntlet,PvM,KC,,15,40,80,50,CG,,,,,
PVM050,Complete Fight Caves,PvM,KC,,3,6,10,50,Fight Caves,,,,,
PVM051,Complete Inferno,PvM,KC,,1,3,5,50,Inferno,,,,,
PVM052,Complete Fortis Colosseum,PvM,KC,,5,10,20,50,Colosseum,,,,,
PVM053,Complete Chambers of Xeric,PvM,KC,,5,10,20,50,CoX,,,,,
PVM054,Complete Theatre of Blood,PvM,KC,,5,10,20,50,ToB,,,,,
PVM055,Complete Tombs of Amascut,PvM,KC,,5,10,20,50,ToA,,,,,
PVM056,Kill Dagannoth Supreme,PvM,KC,,50,150,300,50,Supreme,,,,,
PVM057,Kill Dagannoth Rex,PvM,KC,,50,150,300,50,Rex,,,,,
PVM058,Kill Dagannoth Prime,PvM,KC,,50,150,300,50,Prime,,,,,
PVM059,Open Barrows Chests,PvM,KC,,30,75,150,50,Barrows,,,,,
PVM060,Open Lunar Chests,PvM,KC,,20,50,100,50,Lunar,,,,,
SKL001,Gain Agility XP,Skilling,XP,Agility,150000,350000,750000,50,Agility,,,,,
SKL002,Gain Prayer XP,Skilling,XP,Prayer,300000,750000,1500000,50,Prayer,,,,,
SKL003,Gain Magic XP,Skilling,XP,Magic,300000,750000,1500000,50,Magic,,,,,
SKL004,Gain Runecraft XP,Skilling,XP,Runecraft,150000,350000,750000,50,Runecraft,,,,,
SKL005,Gain Crafting XP,Skilling,XP,Crafting,300000,750000,1500000,50,Crafting,,,,,
SKL006,Gain Mining XP,Skilling,XP,Mining,200000,500000,1000000,50,Mining,,,,,
SKL007,Gain Smithing XP,Skilling,XP,Smithing,200000,500000,1000000,50,Smithing,,,,,
SKL008,Gain Fishing XP,Skilling,XP,Fishing,200000,500000,1000000,50,Fishing,,,,,
SKL009,Gain Cooking XP,Skilling,XP,Cooking,500000,1200000,2500000,50,Cooking,,,,,
SKL010,Gain Firemaking XP,Skilling,XP,Firemaking,500000,1200000,2500000,50,Firemaking,,,,,
SKL011,Gain Woodcutting XP,Skilling,XP,Woodcutting,200000,500000,1000000,50,Woodcutting,,,,,
SKL012,Gain Herblore XP,Skilling,XP,Herblore,200000,500000,1000000,50,Herblore,,,,,
SKL013,Gain Thieving XP,Skilling,XP,Thieving,300000,750000,1500000,50,Thieving,,,,,
SKL014,Gain Fletching XP,Skilling,XP,Fletching,500000,1200000,2500000,50,Fletching,,,,,
SKL015,Gain Slayer XP,Skilling,XP,Slayer,150000,350000,750000,50,Slayer,,,,,
SKL016,Gain Farming XP,Skilling,XP,Farming,150000,350000,750000,50,Farming,,,,,
SKL017,Gain Construction XP,Skilling,XP,Construction,500000,1200000,2500000,50,Construction,,,,,
SKL018,Gain Hunter XP,Skilling,XP,Hunter,200000,500000,1000000,50,Hunter,,,,,
SKL019,Complete Gnome Stronghold laps,Skilling,KC,Agility,300,750,1500,50,Gnome,,,,,
SKL020,Complete Draynor rooftop laps,Skilling,KC,Agility,300,750,1500,50,Draynor,,,,,
SKL021,Complete Varrock rooftop laps,Skilling,KC,Agility,250,600,1200,50,Varrock,,,,,
SKL022,Complete Canifis rooftop laps,Skilling,KC,Agility,300,750,1500,50,Canifis,,,,,
SKL023,Complete Falador rooftop laps,Skilling,KC,Agility,250,600,1200,50,Falador,,,,,
SKL024,Complete Seers' Village rooftop laps,Skilling,KC,Agility,250,600,1200,50,Seers,,,,,
SKL025,Complete Pollnivneach rooftop laps,Skilling,KC,Agility,250,600,1200,50,Pollnivneach,,,,,
SKL026,Complete Rellekka rooftop laps,Skilling,KC,Agility,200,500,1000,50,Rellekka,,,,,
SKL027,Complete Ardougne rooftop laps,Skilling,KC,Agility,200,500,1000,50,Ardougne,,,,,
SKL028,Complete Ape Atoll laps,Skilling,KC,Agility,200,500,1000,50,Ape Atoll,,,,,
SKL029,Complete Wilderness Agility laps,Skilling,KC,Agility,150,400,800,50,Wildy Agility,,,,,TRUE
SKL030,Complete Werewolf Agility laps,Skilling,KC,Agility,200,500,1000,50,Werewolf,,,,,
SKL031,Complete Dorgesh-Kaan Agility laps,Skilling,KC,Agility,150,400,800,50,Dorgesh-Kaan,,,,,
SKL032,Complete Prifddinas laps,Skilling,KC,Agility,200,500,1000,50,Prifddinas,,,,,
SKL033,Mine Copper Ore,Skilling,Inventory,Mining,1000,2000,4000,50,Copper,17.5,17500,35000,70000,
SKL034,Mine Tin Ore,Skilling,Inventory,Mining,1000,2000,4000,50,Tin,17.5,17500,35000,70000,
SKL035,Mine Iron Ore,Skilling,Inventory,Mining,1250,2500,5000,50,Iron,35,43750,87500,175000,
SKL036,Mine Coal,Skilling,Inventory,Mining,1000,2000,4000,50,Coal,50,50000,100000,200000,
SKL037,Mine Gold Ore,Skilling,Inventory,Mining,1000,2000,4000,50,Gold,65,65000,130000,260000,
SKL038,Mine Mithril Ore,Skilling,Inventory,Mining,1000,2000,4000,50,Mithril,80,80000,160000,320000,
SKL039,Mine Adamantite Ore,Skilling,Inventory,Mining,1000,2000,4000,50,Adamantite,95,95000,190000,380000,
SKL040,Mine Runite Ore,Skilling,Inventory,Mining,250,500,1000,50,Runite,125,31250,62500,125000,
SKL041,Mine Sandstone,Skilling,Inventory,Mining,1250,2500,5000,50,Sandstone,60,75000,150000,300000,
SKL042,Mine Amethyst Crystals,Skilling,Inventory,Mining,250,500,1000,50,Amethyst,240,60000,120000,240000,
SKL043,Mine Stardust,Skilling,Inventory,Mining,2000,4000,8000,50,Stardust,32,64000,128000,256000,
SKL044,Mine Daeyalt Shards,Skilling,Inventory,Mining,5000,10000,20000,50,Daeyalt,5,25000,50000,100000,
SKL045,Obtain golden nuggets from MLM,Skilling,Inventory,Mining,10,25,50,50,Nuggets,,,,,
SKL046,Mine blessed bone shards,Skilling,Inventory,Mining,7500,20000,40000,50,Bone shards,,,,,
SKL047,Catch Shrimp,Skilling,Inventory,Fishing,1000,2000,4000,50,Catch Shrimp,10,10000,20000,40000,
SKL048,Catch Sardines,Skilling,Inventory,Fishing,1000,2000,4000,50,Catch Sardines,20,20000,40000,80000,
SKL049,Catch Trout,Skilling,Inventory,Fishing,1000,2000,4000,50,Catch Trout,50,50000,100000,200000,
SKL050,Catch Salmon,Skilling,Inventory,Fishing,750,1500,3000,50,Catch Salmon,70,52500,105000,210000,
SKL051,Catch Tuna,Skilling,Inventory,Fishing,750,1500,3000,50,Catch Tuna,80,60000,120000,240000,
SKL052,Catch Lobsters,Skilling,Inventory,Fishing,750,1500,3000,50,Catch Lobsters,90,67500,135000,270000,
SKL053,Catch Swordfish,Skilling,Inventory,Fishing,750,1500,3000,50,Catch Swordfish,100,75000,150000,300000,
SKL054,Catch Monkfish,Skilling,Inventory,Fishing,500,1250,2500,50,Catch Monkfish,120,60000,150000,300000,
SKL055,Catch Karambwan,Skilling,Inventory,Fishing,750,1500,3000,50,Catch Karambwan,105,78750,157500,315000,
SKL056,Catch Anglerfish,Skilling,Inventory,Fishing,500,1250,2500,50,Catch Anglerfish,120,60000,150000,300000,
SKL057,Catch Sharks,Skilling,Inventory,Fishing,400,1000,2000,50,Catch Sharks,110,44000,110000,220000,
SKL058,Catch Minnows,Skilling,Inventory,Fishing,1000,2500,5000,50,Catch Minnows,26,26000,65000,130000,
SKL059,Catch Dark Crabs,Skilling,Inventory,Fishing,400,1000,2000,50,Catch Dark Crabs,130,52000,130000,260000,TRUE
SKL060,Catch Infernal Eels,Skilling,Inventory,Fishing,500,1250,2500,50,Catch Infernal Eels,95,47500,118750,237500,
SKL061,Catch Sacred Eels,Skilling,Inventory,Fishing,500,1250,2500,50,Catch Sacred Eels,100,50000,125000,250000,
SKL062,Chop Regular Logs,Skilling,Inventory,Woodcutting,1000,2000,4000,50,Chop Logs,25,25000,50000,100000,
SKL063,Chop Oak Logs,Skilling,Inventory,Woodcutting,1000,2000,4000,50,Chop Oak,37.5,37500,75000,150000,
SKL064,Chop Willow Logs,Skilling,Inventory,Woodcutting,1000,2000,4000,50,Chop Willow,67.5,67500,135000,270000,
SKL065,Chop Teak Logs,Skilling,Inventory,Woodcutting,1000,2000,4000,50,Chop Teak,85,85000,170000,340000,
SKL066,Chop Maple Logs,Skilling,Inventory,Woodcutting,1000,2000,4000,50,Chop Maple,100,100000,200000,400000,
SKL067,Chop Mahogany Logs,Skilling,Inventory,Woodcutting,750,1500,3000,50,Chop Mahogany,125,93750,187500,375000,
SKL068,Chop Yew Logs,Skilling,Inventory,Woodcutting,500,1250,2500,50,Chop Yew,175,87500,218750,437500,
SKL069,Chop Magic Logs,Skilling,Inventory,Woodcutting,400,1000,2000,50,Chop Magic,250,100000,250000,500000,
SKL070,Chop Redwood Logs,Skilling,Inventory,Woodcutting,250,500,1000,50,Chop Redwood,380,95000,190000,380000,
SKL071,Chop Blisterwood Logs,Skilling,Inventory,Woodcutting,1000,2000,4000,50,Chop Blisterwood,76,76000,152000,304000,
SKL072,Chop Sulliusceps,Skilling,Inventory,Woodcutting,600,1500,3000,50,Sulliusceps,127,76200,190500,381000,
SKL073,Chop Arctic Pine Logs,Skilling,Inventory,Woodcutting,1000,2000,4000,50,Chop Arctic Pine,40,40000,80000,160000,
SKL074,Cook Shrimp,Skilling,Inventory,Cooking,1250,2500,5000,50,Cook Shrimp,30,37500,75000,150000,
SKL075,Cook Sardines,Skilling,Inventory,Cooking,1250,2500,5000,50,Cook Sardines,40,50000,100000,200000,
SKL076,Cook Trout,Skilling,Inventory,Cooking,1250,2500,5000,50,Cook Trout,70,87500,175000,350000,
SKL077,Cook Salmon,Skilling,Inventory,Cooking,1250,2500,5000,50,Cook Salmon,90,112500,225000,450000,
SKL078,Cook Tuna,Skilling,Inventory,Cooking,1000,2000,4000,50,Cook Tuna,100,100000,200000,400000,
SKL079,Cook Lobsters,Skilling,Inventory,Cooking,1000,2000,4000,50,Cook Lobsters,120,120000,240000,480000,
SKL080,Cook Swordfish,Skilling,Inventory,Cooking,1000,2000,4000,50,Cook Swordfish,140,140000,280000,560000,
SKL081,Cook Monkfish,Skilling,Inventory,Cooking,750,1500,3000,50,Cook Monkfish,150,112500,225000,450000,
SKL082,Cook Sharks,Skilling,Inventory,Cooking,750,1500,3000,50,Cook Sharks,210,157500,315000,630000,
SKL083,Cook Anglerfish,Skilling,Inventory,Cooking,750,1500,3000,50,Cook Anglerfish,230,172500,345000,690000,
SKL084,Cook Karambwan,Skilling,Inventory,Cooking,1000,2000,4000,50,Cook Karambwan,190,190000,380000,760000,
SKL085,Craft Air Runes,Skilling,Inventory,Runecraft,1250,2500,5000,50,Air Runes,5,6250,12500,25000,
SKL086,Craft Mind Runes,Skilling,Inventory,Runecraft,1250,2500,5000,50,Mind Runes,5.5,6875,13750,27500,
SKL087,Craft Water Runes,Skilling,Inventory,Runecraft,1000,2000,4000,50,Water Runes,6,6000,12000,24000,
SKL088,Craft Earth Runes,Skilling,Inventory,Runecraft,1000,2000,4000,50,Earth Runes,6.5,6500,13000,26000,
SKL089,Craft Fire Runes,Skilling,Inventory,Runecraft,1000,2000,4000,50,Fire Runes,7,7000,14000,28000,
SKL090,Craft Body Runes,Skilling,Inventory,Runecraft,1000,2000,4000,50,Body Runes,7.5,7500,15000,30000,
SKL091,Craft Cosmic Runes,Skilling,Inventory,Runecraft,1000,2000,4000,50,Cosmic Runes,8,8000,16000,32000,
SKL092,Craft Chaos Runes,Skilling,Inventory,Runecraft,1000,2000,4000,50,Chaos Runes,9.5,9500,19000,38000,
SKL093,Craft Nature Runes,Skilling,Inventory,Runecraft,1000,2000,4000,50,Nature Runes,9,9000,18000,36000,
SKL094,Craft Law Runes,Skilling,Inventory,Runecraft,1000,2000,4000,50,Law Runes,9.5,9500,19000,38000,
SKL095,Craft Death Runes,Skilling,Inventory,Runecraft,1000,2000,4000,50,Death Runes,10,10000,20000,40000,
SKL096,Craft Blood Runes,Skilling,Inventory,Runecraft,750,1500,3000,50,Blood Runes,10.5,7875,15750,31500,
SKL097,Craft Soul Runes,Skilling,Inventory,Runecraft,750,1500,3000,50,Soul Runes,11,8250,16500,33000,
SKL098,Craft Wrath Runes,Skilling,Inventory,Runecraft,750,1500,3000,50,Wrath Runes,12,9000,18000,36000,
SKL099,Craft Leather Gloves,Skilling,Inventory,Crafting,1250,2500,5000,50,Leather Gloves,13.8,17250,34500,69000,
SKL100,Craft Hardleather Bodies,Skilling,Inventory,Crafting,1250,2500,5000,50,Hardleather,35,43750,87500,175000,
SKL101,Blow Glass Orbs,Skilling,Inventory,Crafting,1250,2500,5000,50,Glass Orbs,52.5,65625,131250,262500,
SKL102,Cut Sapphire Gems,Skilling,Inventory,Crafting,1250,2500,5000,50,Sapphire Gems,50,62500,125000,250000,
SKL103,Cut Emerald Gems,Skilling,Inventory,Crafting,1250,2500,5000,50,Emerald Gems,67.5,84375,168750,337500,
SKL104,Cut Ruby Gems,Skilling,Inventory,Crafting,1250,2500,5000,50,Ruby Gems,85,106250,212500,425000,
SKL105,Cut Diamond Gems,Skilling,Inventory,Crafting,1250,2500,5000,50,Diamond Gems,107.5,134375,268750,537500,
SKL106,Craft Battlestaves,Skilling,Inventory,Crafting,1000,2000,4000,50,Battlestaves,137.5,137500,275000,550000,
SKL107,Craft Dragonhide Bodies,Skilling,Inventory,Crafting,1000,2000,4000,50,Dragonhide,210,210000,420000,840000,
SKL108,Craft Unpowered Orbs,Skilling,Inventory,Crafting,1250,2500,5000,50,Unpowered Orbs,52.5,65625,131250,262500,
SKL109,Craft Molten Glass,Skilling,Inventory,Crafting,1250,2500,5000,50,Molten Glass,20,25000,50000,100000,
SKL110,Craft Sapphire Rings,Skilling,Inventory,Crafting,1250,2500,5000,50,Sapphire Rings,40,50000,100000,200000,
SKL111,Craft Ruby Amulets,Skilling,Inventory,Crafting,1000,2000,4000,50,Ruby Amulets,85,85000,170000,340000,
SKL112,Smith Bars into Daggers,Skilling,Inventory,Smithing,1000,2000,4000,50,Daggers,12.5,12500,25000,50000,
SKL113,Smith Bars into Platebodies,Skilling,Inventory,Smithing,200,400,800,50,Platebodies,62.5,12500,25000,50000,
SKL114,Smith Bars into Scimitars,Skilling,Inventory,Smithing,500,1000,2000,50,Scimitars,25,12500,25000,50000,
SKL115,Smith Bars into Warhammers,Skilling,Inventory,Smithing,250,500,1000,50,Warhammers,37.5,9375,18750,37500,
SKL116,Smith Bars into Platelegs,Skilling,Inventory,Smithing,250,500,1000,50,Platelegs,37.5,9375,18750,37500,
SKL117,Smith Bars into Plateskirts,Skilling,Inventory,Smithing,250,500,1000,50,Plateskirts,37.5,9375,18750,37500,
SKL118,Smith Bars into 2h swords,Skilling,Inventory,Smithing,250,500,1000,50,2h swords,37.5,9375,18750,37500,
SKL119,Smith Bars into Axes,Skilling,Inventory,Smithing,1000,2000,4000,50,Axes,12.5,12500,25000,50000,
SKL120,Smith Bars into Full Helms,Skilling,Inventory,Smithing,500,1000,2000,50,Full Helms,25,12500,25000,50000,
SKL121,Smith Bars into Med Helms,Skilling,Inventory,Smithing,1000,2000,4000,50,Med Helms,12.5,12500,25000,50000,
SKL122,Smith Bars into Kiteshields,Skilling,Inventory,Smithing,250,500,1000,50,Kiteshields,37.5,9375,18750,37500,
SKL123,Smith Bars into Maces,Skilling,Inventory,Smithing,1000,2000,4000,50,Maces,12.5,12500,25000,50000,
SKL124,Smith Bars into Sq Shields,Skilling,Inventory,Smithing,500,1000,2000,50,Sq Shields,25,12500,25000,50000,
SKL125,Smith Bars into Swords,Skilling,Inventory,Smithing,1000,2000,4000,50,Swords,12.5,12500,25000,50000,
SKL126,Smith Bars into Chainbodies,Skilling,Inventory,Smithing,250,500,1000,50,Chainbodies,37.5,9375,18750,37500,
SKL127,Burn Normal Logs,Skilling,Inventory,Firemaking,1000,2000,4000,50,Burn Logs,40,40000,80000,160000,
SKL128,Burn Oak Logs,Skilling,Inventory,Firemaking,1000,2000,4000,50,Burn Oak,60,60000,120000,240000,
SKL129,Burn Willow Logs,Skilling,Inventory,Firemaking,1000,2000,4000,50,Burn Willow,90,90000,180000,360000,
SKL130,Burn Teak Logs,Skilling,Inventory,Firemaking,1000,2000,4000,50,Burn Teak,105,105000,210000,420000,
SKL131,Burn Maple Logs,Skilling,Inventory,Firemaking,1000,2000,4000,50,Burn Maple,135,135000,270000,540000,
SKL132,Burn Mahogany Logs,Skilling,Inventory,Firemaking,1000,2000,4000,50,Burn Mahogany,157.5,157500,315000,630000,
SKL133,Burn Yew Logs,Skilling,Inventory,Firemaking,750,1500,3000,50,Burn Yew,202.5,151875,303750,607500,
SKL134,Burn Magic Logs,Skilling,Inventory,Firemaking,500,1000,2000,50,Burn Magic,303.8,151900,303800,607600,
SKL135,Burn Redwood Logs,Skilling,Inventory,Firemaking,500,1000,2000,50,Burn Redwood,350,175000,350000,700000,
SKL136,Burn Blisterwood Logs,Skilling,Inventory,Firemaking,1000,2000,4000,50,Burn Blisterwood,96,96000,192000,384000,
SKL137,Burn Arctic Pine Logs,Skilling,Inventory,Firemaking,1000,2000,4000,50,Burn Arctic Pine,40,40000,80000,160000,
SKL138,Make Attack Potions,Skilling,Inventory,Herblore,1000,2000,4000,50,Attack,25,25000,50000,100000,
SKL139,Make Strength Potions,Skilling,Inventory,Herblore,1000,2000,4000,50,Strength,40,40000,80000,160000,
SKL140,Make Defence Potions,Skilling,Inventory,Herblore,1000,2000,4000,50,Defence,45,45000,90000,180000,
SKL141,Make Prayer Potions,Skilling,Inventory,Herblore,1000,2000,4000,50,Prayer,87.5,87500,175000,350000,
SKL142,Make Super Attack Potions,Skilling,Inventory,Herblore,1000,2000,4000,50,Super Attack,100,100000,200000,400000,
SKL143,Make Super Defence Potions,Skilling,Inventory,Herblore,1000,2000,4000,50,Super Defence,125,125000,250000,500000,
SKL144,Make Super Restore Potions,Skilling,Inventory,Herblore,1000,2000,4000,50,Super Restore,150,150000,300000,600000,
SKL145,Make Saradomin Brews,Skilling,Inventory,Herblore,1000,2000,4000,50,Saradomin,180,180000,360000,720000,
SKL146,Make Ranging Potions,Skilling,Inventory,Herblore,1000,2000,4000,50,Ranging,162.5,162500,325000,650000,
SKL147,Make Antidote++ Potions,Skilling,Inventory,Herblore,1000,2000,4000,50,Antidote++,155,155000,310000,620000,
SKL148,Make Antipoison Potions,Skilling,Inventory,Herblore,1000,2000,4000,50,Antipoison,37.5,37500,75000,150000,
SKL149,Make Antifire Potions,Skilling,Inventory,Herblore,1000,2000,4000,50,Antifire,157.5,157500,315000,630000,
SKL150,Make Bastion Potions,Skilling,Inventory,Herblore,1000,2000,4000,50,Bastion,155,155000,310000,620000,
SKL151,Make Super Combat Potions,Skilling,Inventory,Herblore,1000,2000,4000,50,Super Combat,150,150000,300000,600000,
SKL152,Pickpocket Men/Women,Skilling,Loot,Thieving,2000,4000,8000,50,Men/Women,8,16000,32000,64000,
SKL153,Pickpocket H.A.M. Members,Skilling,Loot,Thieving,2000,4000,8000,50,H.A.M. Members,18.5,37000,74000,148000,
SKL154,Pickpocket Master Farmers,Skilling,Loot,Thieving,2000,4000,8000,50,Master Farmers,43,86000,172000,344000,
SKL155,Pickpocket Knights of Ardougne,Skilling,Loot,Thieving,2000,4000,8000,50,Ardy Knights,84.3,168600,337200,674400,
SKL156,Pickpocket Paladins,Skilling,Loot,Thieving,1500,3000,6000,50,Paladins,151.75,227625,455250,910500,
SKL157,Pickpocket Elves,Skilling,Loot,Thieving,1500,3000,6000,50,Elves,353,529500,1059000,2118000,
SKL158,Pickpocket Vyres,Skilling,Loot,Thieving,1500,3000,6000,50,Vyres,307.2,460800,921600,1843200,
SKL159,Steal from Bakery Stall,Skilling,Loot,Thieving,1000,2000,4000,50,Bakery Stall,16,16000,32000,64000,
SKL160,Steal from Silk Stall,Skilling,Loot,Thieving,500,1000,2000,50,Silk Stall,24,12000,24000,48000,
SKL161,Steal from Fruit Stall,Skilling,Loot,Thieving,1000,2000,4000,50,Fruit Stall,28.5,28500,57000,114000,
SKL162,Steal from Gem Stall,Skilling,Loot,Thieving,100,200,400,50,Gem Stall,408,40800,81600,163200,
SKL163,Steal from Fur Stall,Skilling,Loot,Thieving,250,500,1000,50,Fur Stall,45,11250,22500,45000,
SKL164,Fletch Bronze Arrows,Skilling,Inventory,Fletching,10000,20000,40000,50,Bronze Arrows,2.5,25000,50000,100000,
SKL165,Fletch Iron Arrows,Skilling,Inventory,Fletching,10000,20000,40000,50,Iron Arrows,3.8,38000,76000,152000,
SKL166,Fletch Steel Arrows,Skilling,Inventory,Fletching,10000,20000,40000,50,Steel Arrows,5,50000,100000,200000,
SKL167,Fletch Iron Darts,Skilling,Inventory,Fletching,10000,20000,40000,50,Iron Darts,3.8,38000,76000,152000,
SKL168,Fletch Rune Darts,Skilling,Inventory,Fletching,10000,20000,40000,50,Rune Darts,18.8,188000,376000,752000,
SKL169,Fletch Dragon Darts,Skilling,Inventory,Fletching,10000,20000,40000,50,Dragon Darts,250,2500000,5000000,10000000,
SKL172,Fletch Magic Longbows (u),Skilling,Inventory,Fletching,1000,2000,4000,50,Magic Longbows,91.5,91500,183000,366000,
SKL173,Fletch Magic Shortbows (u),Skilling,Inventory,Fletching,1000,2000,4000,50,Magic Shortbows,83.3,83300,166600,333200,
SKL174,Fletch Yew Longbows (u),Skilling,Inventory,Fletching,1000,2000,4000,50,Yew Longbows,67.5,67500,135000,270000,
SKL175,Fletch Oak Shortbows (u),Skilling,Inventory,Fletching,1000,2000,4000,50,Oak Shortbows,33.33,33330,66660,133320,
SKL176,String Magic Shortbows,Skilling,Inventory,Fletching,1000,2000,4000,50,String MSB,83.3,83300,166600,333200,
SKL177,String Magic Longbows,Skilling,Inventory,Fletching,1000,2000,4000,50,String MLB,91,91000,182000,364000,
SKL178,Complete Slayer Tasks for Turael,Skilling,KC,Slayer,10,25,50,50,Turael,,,,,
SKL179,Complete Slayer Tasks for Mazchna,Skilling,KC,Slayer,10,25,50,50,Mazchna,,,,,
SKL180,Complete Slayer Tasks for Vannaka,Skilling,KC,Slayer,10,25,50,50,Vannaka,,,,,
SKL181,Complete Slayer Tasks for Chaeldar,Skilling,KC,Slayer,10,25,50,50,Chaeldar,,,,,
SKL182,Complete Slayer Tasks for Konar,Skilling,KC,Slayer,10,25,50,50,Konar,,,,,
SKL183,Complete Slayer Tasks for Nieve,Skilling,KC,Slayer,10,25,50,50,Nieve,,,,,
SKL184,Complete Slayer Tasks for Duradel,Skilling,KC,Slayer,10,25,50,50,Duradel,,,,,
SKL185,Complete Slayer Tasks for Krystilia,Skilling,KC,Slayer,10,25,50,50,Krystilia,,,,,TRUE
SKL186,Complete Slayer Tasks (any master),Skilling,KC,Slayer,10,25,50,50,Slayer Tasks,,,,,
SKL187,Obtain Slayer points,Skilling,Points,Slayer,250,500,1000,50,Slayer Points,,,,,
SKL188,Enchant Level 1 Jewellery,Skilling,Inventory,Magic,1000,2000,4000,50,Lvl 1 Jewellery,17.5,17500,35000,70000,
SKL189,Enchant Level 2 Jewellery,Skilling,Inventory,Magic,1000,2000,4000,50,Lvl 2 Jewellery,37,37000,74000,148000,
SKL190,Enchant Level 3 Jewellery,Skilling,Inventory,Magic,1000,2000,4000,50,Lvl 3 Jewellery,59,59000,118000,236000,
SKL191,Enchant Level 4 Jewellery,Skilling,Inventory,Magic,1000,2000,4000,50,Lvl 4 Jewellery,67,67000,134000,268000,
SKL192,Enchant Level 5 Jewellery,Skilling,Inventory,Magic,1000,2000,4000,50,Lvl 5 Jewellery,73,73000,146000,292000,
SKL193,Enchant Level 6 Jewellery,Skilling,Inventory,Magic,1000,2000,4000,50,Lvl 6 Jewellery,87,87000,174000,348000,
SKL194,Make House Teleport tablets,Skilling,Inventory,Magic,500,1000,2000,50,House Tabs,30,15000,30000,60000,
SKL195,Cast String Jewellery,Skilling,Inventory,Magic,1000,2000,4000,50,String Jewels,83,83000,166000,332000,
SKL196,Cast Plank Make,Skilling,Inventory,Magic,1000,2000,4000,50,Plank Make,90,90000,180000,360000,
SKL197,Cast Superheat Item,Skilling,Inventory,Magic,1000,2000,4000,50,Superheat,53,53000,106000,212000,
SKL198,Harvest Herbs of any type,Skilling,Inventory,Farming,100,200,400,50,Herbs,,,,,
SKL199,Harvest Watermelons,Skilling,Inventory,Farming,200,400,800,50,Watermelons,,,,,
SKL200,Harvest Snape Grass,Skilling,Inventory,Farming,200,400,800,50,Snape Grass,,,,,
SKL201,Harvest Strawberries,Skilling,Inventory,Farming,200,400,800,50,Strawberries,,,,,
SKL202,Harvest Sweetcorn,Skilling,Inventory,Farming,200,400,800,50,Sweetcorn,,,,,
SKL203,Harvest Roots from any tree,Skilling,Inventory,Farming,20,40,80,50,Roots,,,,,
SKL204,Harvest Hops of any type,Skilling,Inventory,Farming,100,200,400,50,Hops,,,,,
SKL205,Harvest Berries of any type,Skilling,Inventory,Farming,50,100,200,50,Berries,,,,,
SKL206,Harvest Fruit from any tree,Skilling,Inventory,Farming,100,200,400,50,Fruit,,,,,
SKL207,Complete Farming Contracts,Skilling,Inventory,Farming,5,10,20,50,Farming Contracts,,,,,
SKL208,Build Mahogany Tables,Skilling,Materials,Construction,600,1200,2400,50,Mahogany Tables,840,504000,1008000,2016000,
SKL209,Build Oak Dungeon Doors,Skilling,Materials,Construction,1000,2000,4000,50,Oak Doors,600,600000,1200000,2400000,
SKL210,Build Teak Garden Benches,Skilling,Materials,Construction,600,1200,2400,50,Teak Benches,540,324000,648000,1296000,
SKL211,Build Gnome Benches,Skilling,Materials,Construction,600,1200,2400,50,Gnome Benches,840,504000,1008000,2016000,
SKL212,Build Oak Larders,Skilling,Materials,Construction,800,1600,3200,50,Oak Larders,480,384000,768000,1536000,
SKL213,Build Wooden Bookcases,Skilling,Materials,Construction,400,800,1600,50,Wooden Bookcases,115,46000,92000,184000,
SKL214,Build Wooden Chairs,Skilling,Materials,Construction,200,400,800,50,Wooden Chairs,87,17400,34800,69600,
SKL215,Build Teak Tables,Skilling,Materials,Construction,400,800,1600,50,Teak Tables,360,144000,288000,576000,
SKL216,Build Oak Dining Tables,Skilling,Materials,Construction,400,800,1600,50,Oak Tables,240,96000,192000,384000,
SKL217,Build Oak Wardrobes,Skilling,Materials,Construction,300,600,1200,50,Oak Wardrobes,180,54000,108000,216000,
SKL218,Build Mahogany Armchairs,Skilling,Materials,Construction,200,400,800,50,Armchairs,280,56000,112000,224000,
SKL219,Build Mahogany Benches,Skilling,Materials,Construction,400,800,1600,50,Mahogany Benches,560,224000,448000,896000,
SKL220,Build Mahogany Wardrobes,Skilling,Materials,Construction,300,600,1200,50,Mahogany Wardrobe,420,126000,252000,504000,
SKL221,Bury/Offer Regular Bones,Skilling,Materials,Prayer,500,1000,2000,50,Bones,4.5,2250,4500,9000,
SKL222,Bury/Offer Big Bones,Skilling,Materials,Prayer,500,1000,2000,50,Big Bones,15,7500,15000,30000,
SKL223,Bury/Offer Dragon Bones,Skilling,Materials,Prayer,500,1000,2000,50,Dragon Bones,72,36000,72000,144000,
SKL224,Bury/Offer Dagannoth Bones,Skilling,Materials,Prayer,500,1000,2000,50,Dag Bones,125,62500,125000,250000,
SKL225,Bury/Offer Wyvern Bones,Skilling,Materials,Prayer,500,1000,2000,50,Wyvern Bones,50,25000,50000,100000,
SKL226,Bury/Offer Superior Dragon Bones,Skilling,Materials,Prayer,500,1000,2000,50,Superior Bones,150,75000,150000,300000,
SKL227,Bury/Offer Bat Bones,Skilling,Materials,Prayer,500,1000,2000,50,Bat Bones,21.2,10600,21200,42400,
SKL228,Bury/Offer Hydra Bones,Skilling,Materials,Prayer,500,1000,2000,50,Hydra Bones,440,220000,440000,880000,
SKL229,Bury/Offer Jogre Bones,Skilling,Materials,Prayer,500,1000,2000,50,Jogre Bones,60,30000,60000,120000,
SKL230,Bury/Offer Babydragon Bones,Skilling,Materials,Prayer,500,1000,2000,50,Babydragon Bones,120,60000,120000,240000,
SKL231,Bury/Offer Monkey Bones,Skilling,Materials,Prayer,500,1000,2000,50,Monkey Bones,20,10000,20000,40000,
SKL232,Capture Herbiboar,Skilling,KC,Hunter,100,250,500,50,Herbiboar,,,,,
SKL233,Complete Hunter Rumours,Skilling,KC,Hunter,10,25,50,50,Rumours,,,,,
SKL234,Catch Black Chinchompas,Skilling,Inventory,Hunter,500,1000,2000,50,Black Chins,315,157500,315000,630000,TRUE
SKL235,Catch Red Chinchompas,Skilling,Inventory,Hunter,500,1000,2000,50,Red Chins,265,132500,265000,530000,
SKL236,Catch Black Salamanders,Skilling,Inventory,Hunter,500,1000,2000,50,Black Salamanders,319.2,159600,319200,638400,TRUE
SKL237,Catch Red Salamanders,Skilling,Inventory,Hunter,500,1000,2000,50,Red Salamanders,272,136000,272000,544000,
SKL238,Catch Orange Salamanders,Skilling,Inventory,Hunter,500,1000,2000,50,Orange Salamanders,224,112000,224000,448000,
SKL239,Catch Razor-backed Kebbits,Skilling,Inventory,Hunter,500,1000,2000,50,Kebbits,348.5,174250,348500,697000,
SKL240,Catch Swamp Lizards,Skilling,Inventory,Hunter,500,1000,2000,50,Swamp Lizards,152,76000,152000,304000,
SKL241,Catch Feldip Weasels,Skilling,Inventory,Hunter,500,1000,2000,50,Feldip Weasels,48,24000,48000,96000,
SKL242,Catch Desert Devils,Skilling,Inventory,Hunter,500,1000,2000,50,Desert Devils,66,33000,66000,132000,
,,,,,,,,,,,,,,
,,,,,,,,,,,,,,
,,,,,,,,,,,,,,
,,,,,,,,,,,,,,
,,,,,,,,,,,,,,
,,,,,,,,,,,,,,
,,,,,,,,,,,,,,
,,,,,,,,,,,,,,
,,,,,,,,,,,,,,
,,,,,,,,,,,,,,
,,,,,,,,,,,,,,
,,,,,,,,,,,,,,
,,,,,,,,,,,,,,
,,,,,,,,,,,,,,
,,,,,,,,,,,,,,
,,,,,,,,,,,,,,
,,,,,,,,,,,,,,
,,,,,,,,,,,,,,
,,,,,,,,,,,,,,
,,,,,,,,,,,,,,
,,,,,,,,,,,,,,
,,,,,,,,,,,,,,
,,,,,,,,,,,,,,
,,,,,,,,,,,,,,
,,,,,,,,,,,,,,
,,,,,,,,,,,,,,
,,,,,,,,,,,,,,
,,,,,,,,,,,,,,
,,,,,,,,,,,,,,
,,,,,,,,,,,,,,
,,,,,,,,,,,,,,
,,,,,,,,,,,,,,
,,,,,,,,,,,,,,
,,,,,,,,,,,,,,
,,,,,,,,,,,,,,
,,,,,,,,,,,,,,
,,,,,,,,,,,,,,
,,,,,,,,,,,,,,
,,,,,,,,,,,,,,
,,,,,,,,,,,,,,
,,,,,,,,,,,,,,
,,,,,,,,,,,,,,
,,,,,,,,,,,,,,
,,,,,,,,,,,,,,
,,,,,,,,,,,,,,
,,,,,,,,,,,,,,
,,,,,,,,,,,,,,
,,,,,,,,,,,,,,
,,,,,,,,,,,,,,
,,,,,,,,,,,,,,
,,,,,,,,,,,,,,
,,,,,,,,,,,,,,
,,,,,,,,,,,,,,
,,,,,,,,,,,,,,
,,,,,,,,,,,,,,
,,,,,,,,,,,,,,
,,,,,,,,,,,,,,
,,,,,,,,,,,,,,
,,,,,,,,,,,,,,
,,,,,,,,,,,,,,
,,,,,,,,,,,,,,
,,,,,,,,,,,,,,
,,,,,,,,,,,,,,
,,,,,,,,,,,,,,
,,,,,,,,,,,,,,
,,,,,,,,,,,,,,
,,,,,,,,,,,,,,
,,,,,,,,,,,,,,
,,,,,,,,,,,,,,
,,,,,,,,,,,,,,
,,,,,,,,,,,,,,
,,,,,,,,,,,,,,
,,,,,,,,,,,,,,
,,,,,,,,,,,,,,
,,,,,,,,,,,,,,
,,,,,,,,,,,,,,
,,,,,,,,,,,,,,
,,,,,,,,,,,,,,
,,,,,,,,,,,,,,
,,,,,,,,,,,,,,
,,,,,,,,,,,,,,
,,,,,,,,,,,,,,
,,,,,,,,,,,,,,
,,,,,,,,,,,,,,
,,,,,,,,,,,,,,
,,,,,,,,,,,,,,
,,,,,,,,,,,,,,
,,,,,,,,,,,,,,
,,,,,,,,,,,,,,
,,,,,,,,,,,,,,
,,,,,,,,,,,,,,
,,,,,,,,,,,,,,
,,,,,,,,,,,,,,
,,,,,,,,,,,,,,
,,,,,,,,,,,,,,
,,,,,,,,,,,,,,
,,,,,,,,,,,,,,
,,,,,,,,,,,,,,
,,,,,,,,,,,,,,
,,,,,,,,,,,,,,
,,,,,,,,,,,,,,
,,,,,,,,,,,,,,
,,,,,,,,,,,,,,
,,,,,,,,,,,,,,
,,,,,,,,,,,,,,
,,,,,,,,,,,,,,
,,,,,,,,,,,,,,
,,,,,,,,,,,,,,
,,,,,,,,,,,,,,
,,,,,,,,,,,,,,
,,,,,,,,,,,,,,
,,,,,,,,,,,,,,
,,,,,,,,,,,,,,
,,,,,,,,,,,,,,
,,,,,,,,,,,,,,
,,,,,,,,,,,,,,
,,,,,,,,,,,,,,
,,,,,,,,,,,,,,
,,,,,,,,,,,,,,
,,,,,,,,,,,,,,
,,,,,,,,,,,,,,
,,,,,,,,,,,,,,
,,,,,,,,,,,,,,
,,,,,,,,,,,,,,
,,,,,,,,,,,,,,
,,,,,,,,,,,,,,
,,,,,,,,,,,,,,
,,,,,,,,,,,,,,
,,,,,,,,,,,,,,
,,,,,,,,,,,,,,
,,,,,,,,,,,,,,
,,,,,,,,,,,,,,
,,,,,,,,,,,,,,
,,,,,,,,,,,,,,
,,,,,,,,,,,,,,
,,,,,,,,,,,,,,
,,,,,,,,,,,,,,
,,,,,,,,,,,,,,
,,,,,,,,,,,,,,
,,,,,,,,,,,,,,
,,,,,,,,,,,,,,
,,,,,,,,,,,,,,
,,,,,,,,,,,,,,
,,,,,,,,,,,,,,
,,,,,,,,,,,,,,
,,,,,,,,,,,,,,
,,,,,,,,,,,,,,
,,,,,,,,,,,,,,
,,,,,,,,,,,,,,
,,,,,,,,,,,,,,
,,,,,,,,,,,,,,
,,,,,,,,,,,,,,
,,,,,,,,,,,,,,
,,,,,,,,,,,,,,
,,,,,,,,,,,,,,
,,,,,,,,,,,,,,
,,,,,,,,,,,,,,
,,,,,,,,,,,,,,
,,,,,,,,,,,,,,
,,,,,,,,,,,,,,
,,,,,,,,,,,,,,
,,,,,,,,,,,,,,
,,,,,,,,,,,,,,
,,,,,,,,,,,,,,
,,,,,,,,,,,,,,
,,,,,,,,,,,,,,
,,,,,,,,,,,,,,
,,,,,,,,,,,,,,
,,,,,,,,,,,,,,
,,,,,,,,,,,,,,
,,,,,,,,,,,,,,
,,,,,,,,,,,,,,
,,,,,,,,,,,,,,
,,,,,,,,,,,,,,
,,,,,,,,,,,,,,
,,,,,,,,,,,,,,
,,,,,,,,,,,,,,
,,,,,,,,,,,,,,
,,,,,,,,,,,,,,
,,,,,,,,,,,,,,
,,,,,,,,,,,,,,
,,,,,,,,,,,,,,
,,,,,,,,,,,,,,
,,,,,,,,,,,,,,
,,,,,,,,,,,,,,
,,,,,,,,,,,,,,
,,,,,,,,,,,,,,
,,,,,,,,,,,,,,
,,,,,,,,,,,,,,
,,,,,,,,,,,,,,
,,,,,,,,,,,,,,
,,,,,,,,,,,,,,
,,,,,,,,,,,,,,
,,,,,,,,,,,,,,
,,,,,,,,,,,,,,
,,,,,,,,,,,,,,
,,,,,,,,,,,,,,
,,,,,,,,,,,,,,
,,,,,,,,,,,,,,
,,,,,,,,,,,,,,
,,,,,,,,,,,,,,
,,,,,,,,,,,,,,
,,,,,,,,,,,,,,
,,,,,,,,,,,,,,
,,,,,,,,,,,,,,
,,,,,,,,,,,,,,
,,,,,,,,,,,,,,
,,,,,,,,,,,,,,
,,,,,,,,,,,,,,
,,,,,,,,,,,,,,
,,,,,,,,,,,,,,
,,,,,,,,,,,,,,
,,,,,,,,,,,,,,
,,,,,,,,,,,,,,
,,,,,,,,,,,,,,
,,,,,,,,,,,,,,
,,,,,,,,,,,,,,
,,,,,,,,,,,,,,
,,,,,,,,,,,,,,
,,,,,,,,,,,,,,
,,,,,,,,,,,,,,
,,,,,,,,,,,,,,
,,,,,,,,,,,,,,
,,,,,,,,,,,,,,
,,,,,,,,,,,,,,
,,,,,,,,,,,,,,
,,,,,,,,,,,,,,
,,,,,,,,,,,,,,
,,,,,,,,,,,,,,
,,,,,,,,,,,,,,
,,,,,,,,,,,,,,
,,,,,,,,,,,,,,
,,,,,,,,,,,,,,
,,,,,,,,,,,,,,
,,,,,,,,,,,,,,
,,,,,,,,,,,,,,
,,,,,,,,,,,,,,
,,,,,,,,,,,,,,
,,,,,,,,,,,,,,
,,,,,,,,,,,,,,
,,,,,,,,,,,,,,
,,,,,,,,,,,,,,
,,,,,,,,,,,,,,
,,,,,,,,,,,,,,
,,,,,,,,,,,,,,
,,,,,,,,,,,,,,
,,,,,,,,,,,,,,
,,,,,,,,,,,,,,
,,,,,,,,,,,,,,
,,,,,,,,,,,,,,
,,,,,,,,,,,,,,
,,,,,,,,,,,,,,
,,,,,,,,,,,,,,
,,,,,,,,,,,,,,
,,,,,,,,,,,,,,
,,,,,,,,,,,,,,
,,,,,,,,,,,,,,
,,,,,,,,,,,,,,
,,,,,,,,,,,,,,
,,,,,,,,,,,,,,
,,,,,,,,,,,,,,
,,,,,,,,,,,,,,
,,,,,,,,,,,,,,
,,,,,,,,,,,,,,
,,,,,,,,,,,,,,
,,,,,,,,,,,,,,
,,,,,,,,,,,,,,
,,,,,,,,,,,,,,
,,,,,,,,,,,,,,
,,,,,,,,,,,,,,
,,,,,,,,,,,,,,
,,,,,,,,,,,,,,
,,,,,,,,,,,,,,
,,,,,,,,,,,,,,
,,,,,,,,,,,,,,
,,,,,,,,,,,,,,
,,,,,,,,,,,,,,
,,,,,,,,,,,,,,
,,,,,,,,,,,,,,
,,,,,,,,,,,,,,
,,,,,,,,,,,,,,
,,,,,,,,,,,,,,
,,,,,,,,,,,,,,
,,,,,,,,,,,,,,
,,,,,,,,,,,,,,
,,,,,,,,,,,,,,
,,,,,,,,,,,,,,
,,,,,,,,,,,,,,
,,,,,,,,,,,,,,
,,,,,,,,,,,,,,
,,,,,,,,,,,,,,
,,,,,,,,,,,,,,
,,,,,,,,,,,,,,
,,,,,,,,,,,,,,
,,,,,,,,,,,,,,
,,,,,,,,,,,,,,
,,,,,,,,,,,,,,
,,,,,,,,,,,,,,
,,,,,,,,,,,,,,
,,,,,,,,,,,,,,
,,,,,,,,,,,,,,
,,,,,,,,,,,,,,
,,,,,,,,,,,,,,
,,,,,,,,,,,,,,
,,,,,,,,,,,,,,
,,,,,,,,,,,,,,
,,,,,,,,,,,,,,
,,,,,,,,,,,,,,
,,,,,,,,,,,,,,
,,,,,,,,,,,,,,
,,,,,,,,,,,,,,
,,,,,,,,,,,,,,
,,,,,,,,,,,,,,
,,,,,,,,,,,,,,
,,,,,,,,,,,,,,
,,,,,,,,,,,,,,
,,,,,,,,,,,,,,
,,,,,,,,,,,,,,
,,,,,,,,,,,,,,
,,,,,,,,,,,,,,
,,,,,,,,,,,,,,
,,,,,,,,,,,,,,
,,,,,,,,,,,,,,
,,,,,,,,,,,,,,
,,,,,,,,,,,,,,
,,,,,,,,,,,,,,
,,,,,,,,,,,,,,
,,,,,,,,,,,,,,
,,,,,,,,,,,,,,
,,,,,,,,,,,,,,
,,,,,,,,,,,,,,
,,,,,,,,,,,,,,
,,,,,,,,,,,,,,
,,,,,,,,,,,,,,
,,,,,,,,,,,,,,
,,,,,,,,,,,,,,
,,,,,,,,,,,,,,
,,,,,,,,,,,,,,
,,,,,,,,,,,,,,
,,,,,,,,,,,,,,
,,,,,,,,,,,,,,
,,,,,,,,,,,,,,
,,,,,,,,,,,,,,
,,,,,,,,,,,,,,
,,,,,,,,,,,,,,
,,,,,,,,,,,,,,
,,,,,,,,,,,,,,
,,,,,,,,,,,,,,
,,,,,,,,,,,,,,
,,,,,,,,,,,,,,
,,,,,,,,,,,,,,
,,,,,,,,,,,,,,
,,,,,,,,,,,,,,
,,,,,,,,,,,,,,
,,,,,,,,,,,,,,
,,,,,,,,,,,,,,
,,,,,,,,,,,,,,
,,,,,,,,,,,,,,
,,,,,,,,,,,,,,
,,,,,,,,,,,,,,
,,,,,,,,,,,,,,
,,,,,,,,,,,,,,
,,,,,,,,,,,,,,
,,,,,,,,,,,,,,
,,,,,,,,,,,,,,
,,,,,,,,,,,,,,
,,,,,,,,,,,,,,
,,,,,,,,,,,,,,
,,,,,,,,,,,,,,
,,,,,,,,,,,,,,
,,,,,,,,,,,,,,
,,,,,,,,,,,,,,
,,,,,,,,,,,,,,
,,,,,,,,,,,,,,
,,,,,,,,,,,,,,
,,,,,,,,,,,,,,
,,,,,,,,,,,,,,
,,,,,,,,,,,,,,
,,,,,,,,,,,,,,
,,,,,,,,,,,,,,
,,,,,,,,,,,,,,
,,,,,,,,,,,,,,
,,,,,,,,,,,,,,
,,,,,,,,,,,,,,
,,,,,,,,,,,,,,
,,,,,,,,,,,,,,
,,,,,,,,,,,,,,
,,,,,,,,,,,,,,
,,,,,,,,,,,,,,
,,,,,,,,,,,,,,
,,,,,,,,,,,,,,
,,,,,,,,,,,,,,
,,,,,,,,,,,,,,
,,,,,,,,,,,,,,
,,,,,,,,,,,,,,
,,,,,,,,,,,,,,
,,,,,,,,,,,,,,
,,,,,,,,,,,,,,
,,,,,,,,,,,,,,
,,,,,,,,,,,,,,
,,,,,,,,,,,,,,
,,,,,,,,,,,,,,
,,,,,,,,,,,,,,
,,,,,,,,,,,,,,
,,,,,,,,,,,,,,
,,,,,,,,,,,,,,
,,,,,,,,,,,,,,
,,,,,,,,,,,,,,
,,,,,,,,,,,,,,
,,,,,,,,,,,,,,
,,,,,,,,,,,,,,
,,,,,,,,,,,,,,
,,,,,,,,,,,,,,
,,,,,,,,,,,,,,
,,,,,,,,,,,,,,
,,,,,,,,,,,,,,
,,,,,,,,,,,,,,
,,,,,,,,,,,,,,
,,,,,,,,,,,,,,
,,,,,,,,,,,,,,
,,,,,,,,,,,,,,
,,,,,,,,,,,,,,
,,,,,,,,,,,,,,
,,,,,,,,,,,,,,
,,,,,,,,,,,,,,
,,,,,,,,,,,,,,
,,,,,,,,,,,,,,
,,,,,,,,,,,,,,
,,,,,,,,,,,,,,
,,,,,,,,,,,,,,
,,,,,,,,,,,,,,
,,,,,,,,,,,,,,
,,,,,,,,,,,,,,
,,,,,,,,,,,,,,
,,,,,,,,,,,,,,
,,,,,,,,,,,,,,
,,,,,,,,,,,,,,
,,,,,,,,,,,,,,
,,,,,,,,,,,,,,
,,,,,,,,,,,,,,
,,,,,,,,,,,,,,
,,,,,,,,,,,,,,
,,,,,,,,,,,,,,
,,,,,,,,,,,,,,
,,,,,,,,,,,,,,
,,,,,,,,,,,,,,
,,,,,,,,,,,,,,
,,,,,,,,,,,,,,
,,,,,,,,,,,,,,
,,,,,,,,,,,,,,
,,,,,,,,,,,,,,
,,,,,,,,,,,,,,
,,,,,,,,,,,,,,
,,,,,,,,,,,,,,
,,,,,,,,,,,,,,
,,,,,,,,,,,,,,
,,,,,,,,,,,,,,
,,,,,,,,,,,,,,
,,,,,,,,,,,,,,
,,,,,,,,,,,,,,
,,,,,,,,,,,,,,
,,,,,,,,,,,,,,
,,,,,,,,,,,,,,
,,,,,,,,,,,,,,
,,,,,,,,,,,,,,
,,,,,,,,,,,,,,
,,,,,,,,,,,,,,
,,,,,,,,,,,,,,
,,,,,,,,,,,,,,
,,,,,,,,,,,,,,
,,,,,,,,,,,,,,
,,,,,,,,,,,,,,
,,,,,,,,,,,,,,
,,,,,,,,,,,,,,
,,,,,,,,,,,,,,
,,,,,,,,,,,,,,
,,,,,,,,,,,,,,
,,,,,,,,,,,,,,
,,,,,,,,,,,,,,
,,,,,,,,,,,,,,
,,,,,,,,,,,,,,
,,,,,,,,,,,,,,
,,,,,,,,,,,,,,
,,,,,,,,,,,,,,
,,,,,,,,,,,,,,
,,,,,,,,,,,,,,
,,,,,,,,,,,,,,
,,,,,,,,,,,,,,
,,,,,,,,,,,,,,
,,,,,,,,,,,,,,
,,,,,,,,,,,,,,
,,,,,,,,,,,,,,
,,,,,,,,,,,,,,
,,,,,,,,,,,,,,
,,,,,,,,,,,,,,
,,,,,,,,,,,,,,
,,,,,,,,,,,,,,
,,,,,,,,,,,,,,
,,,,,,,,,,,,,,
,,,,,,,,,,,,,,
,,,,,,,,,,,,,,
,,,,,,,,,,,,,,
,,,,,,,,,,,,,,
,,,,,,,,,,,,,,
,,,,,,,,,,,,,,
,,,,,,,,,,,,,,
,,,,,,,,,,,,,,
,,,,,,,,,,,,,,
,,,,,,,,,,,,,,
,,,,,,,,,,,,,,
,,,,,,,,,,,,,,
,,,,,,,,,,,,,,
,,,,,,,,,,,,,,
,,,,,,,,,,,,,,
,,,,,,,,,,,,,,
,,,,,,,,,,,,,,
,,,,,,,,,,,,,,
,,,,,,,,,,,,,,
,,,,,,,,,,,,,,
,,,,,,,,,,,,,,
,,,,,,,,,,,,,,
,,,,,,,,,,,,,,
,,,,,,,,,,,,,,
,,,,,,,,,,,,,,
,,,,,,,,,,,,,,
,,,,,,,,,,,,,,
,,,,,,,,,,,,,,
,,,,,,,,,,,,,,
,,,,,,,,,,,,,,
,,,,,,,,,,,,,,
,,,,,,,,,,,,,,
,,,,,,,,,,,,,,
,,,,,,,,,,,,,,
,,,,,,,,,,,,,,
,,,,,,,,,,,,,,
,,,,,,,,,,,,,,
,,,,,,,,,,,,,,
,,,,,,,,,,,,,,
,,,,,,,,,,,,,,
,,,,,,,,,,,,,,
,,,,,,,,,,,,,,
,,,,,,,,,,,,,,
,,,,,,,,,,,,,,
,,,,,,,,,,,,,,
,,,,,,,,,,,,,,
,,,,,,,,,,,,,,
,,,,,,,,,,,,,,
,,,,,,,,,,,,,,
,,,,,,,,,,,,,,
,,,,,,,,,,,,,,
,,,,,,,,,,,,,,
,,,,,,,,,,,,,,
,,,,,,,,,,,,,,
,,,,,,,,,,,,,,
,,,,,,,,,,,,,,
,,,,,,,,,,,,,,
,,,,,,,,,,,,,,
,,,,,,,,,,,,,,
,,,,,,,,,,,,,,
,,,,,,,,,,,,,,
,,,,,,,,,,,,,,
,,,,,,,,,,,,,,
,,,,,,,,,,,,,,
,,,,,,,,,,,,,,
,,,,,,,,,,,,,,
,,,,,,,,,,,,,,
,,,,,,,,,,,,,,
,,,,,,,,,,,,,,
,,,,,,,,,,,,,,
,,,,,,,,,,,,,,
,,,,,,,,,,,,,,
,,,,,,,,,,,,,,
,,,,,,,,,,,,,,
,,,,,,,,,,,,,,
,,,,,,,,,,,,,,
,,,,,,,,,,,,,,
,,,,,,,,,,,,,,
,,,,,,,,,,,,,,
,,,,,,,,,,,,,,
,,,,,,,,,,,,,,
,,,,,,,,,,,,,,
,,,,,,,,,,,,,,
,,,,,,,,,,,,,,
,,,,,,,,,,,,,,
,,,,,,,,,,,,,,
,,,,,,,,,,,,,,
,,,,,,,,,,,,,,
,,,,,,,,,,,,,,
,,,,,,,,,,,,,,
,,,,,,,,,,,,,,
,,,,,,,,,,,,,,
,,,,,,,,,,,,,,
,,,,,,,,,,,,,,
,,,,,,,,,,,,,,
,,,,,,,,,,,,,,
,,,,,,,,,,,,,,
,,,,,,,,,,,,,,
,,,,,,,,,,,,,,
,,,,,,,,,,,,,,
,,,,,,,,,,,,,,
,,,,,,,,,,,,,,
,,,,,,,,,,,,,,
,,,,,,,,,,,,,,
,,,,,,,,,,,,,,
,,,,,,,,,,,,,,
,,,,,,,,,,,,,,
,,,,,,,,,,,,,,
,,,,,,,,,,,,,,
,,,,,,,,,,,,,,
,,,,,,,,,,,,,,
,,,,,,,,,,,,,,
,,,,,,,,,,,,,,
,,,,,,,,,,,,,,
,,,,,,,,,,,,,,
,,,,,,,,,,,,,,
,,,,,,,,,,,,,,
,,,,,,,,,,,,,,
,,,,,,,,,,,,,,
,,,,,,,,,,,,,,
,,,,,,,,,,,,,,
,,,,,,,,,,,,,,
,,,,,,,,,,,,,,
,,,,,,,,,,,,,,
,,,,,,,,,,,,,,
,,,,,,,,,,,,,,
,,,,,,,,,,,,,,
,,,,,,,,,,,,,,
,,,,,,,,,,,,,,
,,,,,,,,,,,,,,
,,,,,,,,,,,,,,
,,,,,,,,,,,,,,
,,,,,,,,,,,,,,
,,,,,,,,,,,,,,
,,,,,,,,,,,,,,
,,,,,,,,,,,,,,
,,,,,,,,,,,,,,
,,,,,,,,,,,,,,
,,,,,,,,,,,,,,
,,,,,,,,,,,,,,
,,,,,,,,,,,,,,
,,,,,,,,,,,,,,
